text,label,notes
"First things first, for people wondering: Should you watch Railgun (Toaru side story) before Index (Toaru main story)? Personally, I think not. You've probably seen people glazing the hell out of Railgun, treating it as the superior Toaru series. Such claims are valid. However! I do not think Railgun is a ""replacememt"" for Index. The reason is simple, really: ""The author's intention."" You CAN watch Railgun without Index, but you'll be missing out on many important details that might cause Railgun to come off as ""badly-written"" in some aspects. Trust me, you will be able to appreciate Railgun WAY MORE if you experience Index before it. Railgun S is the second season of Toaru Kagaku no Railgun. And oh boy... A LOT happens! Railgun S consists of: Action-focused introductory episode (1), The Sisters arc (2-16), Downtime episode (17), The Silent Party arc (18-24). The Sisters arc was already done in the first season of Index, but it was very short. And most importantly, it was from Kamijo Touma's perspective. But Railgun's version of the arc is from Misaka Mikoto's perspective. Railgun S uses a solid amount of FIFTEEN EPISODES that manage to transform the events of the arc into a cinematic masterpiece. In Railgun, Touma gives off a completely different aura. He appears as the last glimmer of hope, and the counter-thesis to Misaka's ideals. Touma is Misaka's triumph card she never knew she had. The real highlight of the arc is Misaka's struggle. Misaka Mikoto is far from being the damsel in distress. Throughout Railgun 1, she has always taken on any fight she encounters. That is until Railgun S happens, and for the first time she encounters a fight that she cannot win. It's not a physical fight, it's a psychological one. Railgun's version of the Sisters arc fully expands on Misaka Mikoto as a character. The animation is better and different, heavily focusing on facial expressions. The direction of both the fight scenes and the emotional ones is stellar. The soundtrack is varied. The voice acting is even better. Sisters arc rating: Characterization (10/10), Writing (8/10), Animation (10/10), Soundtrack (10/10), Voice Acting (10/10), Enjoyment (9/10) = Overall (9/10). The Silent Party arc is merely form over substance. Overall Railgun S rating: (8/10).",analysis,"Detailed arc-by-arc breakdown with episode references, character analysis of Touma symbolic role, production analysis"
"Arc to arc, episode to episode it's hard to stop watching this anime. Railgun S includes one manga original arc and one anime original arc. With that, Railgun S covers amazing character development and unexpected storylines. In the story, we get the opportunity to see Academy City through Misaka's eyes. The story is multilayered and compared to the first season Railgun S contains a lot more action and the story is more complex. Misaka's responsibilities as a third level five esper become clearer and that separates Misaka from her friends in a crucial way. Railgun S shows the academy city's first and the fourth level 5s which gives a good contrast between Misaka who is the third level 5. Misaka develops during the story, learns from others, and becomes stronger. The Manga original arc in Railgun S is the same as Index anime's third arc in season one. In Railgun S the end fight is much better and more loyal to the original light novel fight. The later arc which is anime original complements the first arc, makes the story more whole entity and creates continuous development for Misaka during the season.",analysis,"Structured argument about character development, narrative layers, compares arc perspectives"
"The first thing is first, 2013?! what a great anime to have aged so damn well. Secondly, the sisters are just the best as usual with the way they speak especially. The story is a continuation of the main story and can be slotted into the index series at various points if you want proper order. The art as I said has aged very well and is a super thing to watch considering its age. The OP and ED are fun and the sound is great for its age. The characters you can still care about. I especially enjoyed Saten as usual but also Frenda and Shinobu too. From start to finish you have great scenes and storytelling. You get some pretty odd situations that get a bit out of line with the story like sudden mechas showing up. 8/10.",hot_take,Brief opinions without reasoning beyond surface impressions
"Look, the first 16, 17 episodes were excellent. A deviation from the format from the first season. I liked how it was a little bit dark and brooding, and really highlights the burden that Mikoto has to overcome. But oh my hell. The latter part of this season sucked so hard. I did not give a crap about the stupid febri febreeze arc. I did not watch this anime for the girls to take care of some random kid. And the last episode with all the judgements come together is where I draw the line with my suspension of disbelief. ALSO I don't care about Kongou and her friends or whatever. Like idk the friendship is kinda cringe. In conclusion, take out febri and kongou out of the equation, and you have a pretty good anime.",hot_take,Bold claims with minimal evidence. Assertive judgments without structural argument
"I did not review Season 1 of Railgun. So here goes. It was fantastic and a great set up for this world. OK Boom! Season 2. SO! My favorite story of Index was the Sisters Arc where it focused on Mikoto Misaka and her clones. Cool. It was a very interest plot that lasted for like 2 or 3 episodes. Sad! I wanted more of that. Introducing Scientific Railgun S! What! An anime where about 16 episodes of the 24 episode run time is dedicated to the Sisters Arc from Misaka's perspective? You mean it greatly expands on it and even redoes some scenes to make it flow better than Index!? SOLD! The sisters arc is peak writing for this series. I honestly can't go into detail as it would be all spoilers. Trust me. Finally, Some good fucking anime.",reaction,"Caps, exclamation marks, emotional excitement. Feeling-driven response"
"Uno de los mejores arcos que nos puede dar el anime en general, se merece por lo menos entrar al top 50. En historia no se queda corto ya que como dije tiene el mejor arco de toda la saga de toaru y tambien uno de los mejores en el anime en general. En personajes nos da a una protagonista que se hace querer tanto por su pasado como la evolucion que lleva a cabo en el anime y el villano principal 10/10.",hot_take,Short bold claims without supporting argument
"Quick take: In Railgun S, we're treated to three really good storylines and good character interaction with the same animation quality from previous seasons. Pacing issues return and if you're watching the entire Magical Index universe, there are some episodes you may want to skip. The issue: Railgun S and Magical Index II overlap. This normally wouldn't be an issue as I actually like seeing the same events from a different character's eyes. However, Railgun S and MI2 portray the dialogue and sequence slightly different when it comes to the Misaka Clone/Accelerator arch. I personally found this bothersome especially when some scenes felt like a direct copy and the next didn't. Character is a bit tricky. I think they lost a little pizzazz since the world and characters have already been built, but all the interactions feel genuine and natural. My enjoyment of Railgun S suffered due to the Accelerator arch being a carbon copy of MI2's plot and feeling extremely long compared to the others.",analysis,"Structured comparison of Railgun S vs Index II overlap, pacing analysis, watch order reasoning"
"While ""Toaru Kagaku no Railgun"" is not what most would consider a S-tier anime, it still remains one of my personal favourites due to the show's warm atmosphere and lovable cast. The second season contains much less of the sweet and sunny energy that imbued Academy City in its predecessor. Instead, the show instates a rather grim but surprisingly sophisticated storyline. Railgun S displays how the events of the Level 6 Shift Project affect Mikoto personally. The second season dismantles her image as an untouchable force of electric power, instead highlighting her vulnerabilities, both emotionally and power-wise. Importantly, during her quest, Mikoto disconnects from her friends as she decides she does not want to involve innocent bystanders. The Silent Party Arc builds off of the Sister Arc in that it reconnects Mikoto to her loved ones. Female camaraderie thus takes the show to its climactic finale. The second season thus commendably explores the darker crevices of Academic City, while maintaining its unique charm.",analysis,"Literary-level thematic analysis - female camaraderie, Academy City as lab, Mikoto deconstruction"
"Holy bajeez. I can count on one hand the amount of times any show, game, or book I've seen/read has shot up THIS much in quality between releases. What Railgun S does is give you an intensely gripping plotline to follow that changes characters, alters the narrative of the world in a big way, and remains consistent in quality throughout the season. I would have never believed you if you told me I'd be so attached to Misaka and to be visibly panicking whenever something potentially dangerous was going to happen. I would have slapped you if you told me I'd be staying up all night binging episode after episode. The show focuses a lot more on pure character and emotional moments, which works wonders. Still, put simply, it rocked my world and made me invested faster than almost any other show I've seen.",reaction,Primarily expressing how the show made them feel. Emotional response dominates
"Toaru Kagaku no Railgun season two takes the series a significant step in the right direction. Season one was primarily episodic with a few short narrative arcs spread throughout. Season two reverses the proportionality and is primarily narrative driven. I think this was a good change as it allows for deeper character development. This season also incorporated more mature themes which I personally enjoyed and thought the story needed. Another positive change was that Kazari and Ruiko were moved into supporting roles. I don't think they're bad characters, but they are bad main characters (too one dimensional). This allowed for better use of those resources elsewhere. The production value is on par with season one, or maybe slightly better. Overall, I'd say this season was solid, and I would recommend watching it.",analysis,"Structured critique of narrative architecture, character role changes, production evaluation"
"While I mostly enjoyed Season 1 of this show, Season 2 has been a walk in the desert. Mikoto Misaka went from badass in the first season to a weak, weeping and depressed bore in the second. The whole clone story is a boring mess and they keep introducing side characters who are stronger than Mikoto. Not just stronger but WAY WAY stronger. It's bad writing. Stay true to your characters. Don't make your hero suddenly weak just to beef up the evil guys and create artificial drama. Obey the rules of the world you built!",hot_take,Bold claim with no structural argument. Asserts bad writing without evidence
"I'm glad to have met the characters, the world itself wasn't all that interesting, but all-in-all I'm just so glad to be done with this. Was it good? Sure, okay, yeah, tell you what? It was good done wrong? Like a roller coaster at a snail's pace wouldn't be much fun but it's still, technically a great roller coaster? Structurally? That's how I feel about Railgun. It had loops and turns and drops and swoops in all the right places and I liked all the folks on the ride, but, telling this story this slowly made all those things tedious.",reaction,Short emotional impression via metaphor. Pure feeling about the experience
"As I mentioned in the review of his prequel, Railgun works better as anime, because the studio has more freedom do it, a much simple plot, continue with the same slice of life formula with isolated facts that leave clues for future events. Here we can see the true potential by adapting a much more serious plot arc such as the sisters arc, much better executed than in Index even with better atmosphere and animation. It also works better because we can see the facts from the point of view of Mikoto being a character naturally involved in the matter. Anyway the best development does Touma's intrusion so much more enjoyable, anyway it would be better if it was his group of friends who would have given Misaka support because the whole series has always developed a strong friendship relationship between them.",analysis,"Arguments about adaptation quality, character perspective, criticism about sidelining friends"
"The story plot is great and it clearly shows what happened between the characters. And it shows the cruelty or our world. When I watched this anime all over and over again I wished that this anime has a romanced genre. Sure it's already great but it will be even exciting if Misaka and Kamijou are lovers. My point is that the majutsu series Main heroine Index is not really that cute or something, Her character is too Flat. And my conclusion is that Misaka is really Cuter and better than Index. And I'm sorry for the fact that I'm not really good at Reviews hahahha.",reaction,Expressing personal wishes and feelings about characters. No argument
"Railgun S is not as good as the previous season, to be honest this felt more unrealistic to watch. Coming to story, its very simple, clones of railgun/Misaka are made by some shady organisation and railgun tries to figure out the reason behind it. The main problem with this story was pacing, it was very slow, all the characters seem dumb. For eg: 1) Railgun meets her clone for first time, instead of tailing her, she announces to her that she would tail and meet the person behind the experiment. 2) Then there is kuroko, she watches railgun being out of dorms all night, and she listens to all the blasts, but she doesn't take any move. 3) There is a scene where railgun is stopped by Touma, she could actually fly past ignoring him but instead she tries to attack him. 4) There is also a scene with Accelerator fighting Touma, when he could actually fight him at long distance range easily, instead for the plot's sake he fights with hands.",analysis,4 numbered plot criticisms with specific examples. Structured argument even if negative
"Illuminating against a dark secret, the electricity flowing through a coiled wire induces a powerful electromagnet. This is the attractive force that gives rise to a significant and amazing sequel titled Railgun S. The revamped expansion of the Sisters Arc from Index now reveals a greater impact while implementing its own semi-theoretical science. This is a poignant story about the pain, suffering, care, and kindness triggered by one of the most controversial subject science has made possible. That is, the cloning of humans. Through a branched exploration of human values, this season gets you to feel personalized and deeply embedded by its ideas. With the Sisters, it questions whether they're mere guinea pigs or something more than just that. Burdened by the guilt is Misaka, a girl who suffers and throbs with so much pain, yet she develops the most with a touching message. Then we have Touma, an idealistic drive who rises with heroic kindness. Then Accelerator, an appearance of a ruthless predator who instills a strong fear factor.",analysis,"Thematic discussion of cloning ethics, character analysis, production breakdown"
"This ""+S"" title continues the story of its predecessor with a different approach. Welcome to the dark side of Academy Town. Story: 8/10. Despite the essence of the story is very much a same thing with season 1, this anime took a different way to tell the story. Almost to the very end we are given quite a look toward the dark side of the town. This darkness is the very consequence of the existence of the town itself. The MC struggles, being humbled, feels despair, cries, and develops very well. The MC starts to think deeply about ""connection"" and the limit of one person alone. Art: 8/10. The animation is consistent with the previous season, smooth, well animated and quite detailed. Character: 9/10. Characterization is what makes this anime truly shines. The character development of the MC can truly be felt here.",analysis,"Category-by-category review with reasoning for each score, discusses characterization depth"
"In anime, the greatest way to improve your series is making change. This anime kept the things that needed to be kept intact, while changing the overall mood and theme drastically. The original Railgun was a very light-hearted, fluffy, innocent show. Railgun S is not like that. It's good to mature a series with the audience. This series is far bloodier, more emotional and introduces a new band of characters while retaining the original ones. This is one of those anime that J.C Staff have rocked pretty damn well, utilizing flashy and intense animation and effects during battles. Characters in this are amazing. We have the ever-beloved Tsundere Misaka Mikoto, her loving companion Kuroko, the awkward Harem king Touma, and new antagonists. Accelerator the sadistic Esper, the deranged leader of ITEM Shizuri Mugino. The dark shift from its previous incarnation really stunned me but it gave the series a whole new theme.",analysis,"Discusses tonal maturation, animation technique, character dynamics with specific examples"
"Ah, Another series focused on Misaka Mikoto and her exploits in Academy City. I binged watched both seasons, so when I came to this immediately after finishing season 1, I was expecting something along the lines of a light hearted Slice of Life series. And then, the SISTERS arc began. The plot is so riveting, so focused, so INTENSE. In season 1, all we really saw of Mikoto's powers was her Railgun and a vague understanding that she can create electromagnets at will. The SISTERs arc drives home just how MUCH she can do with her almost absolute control over the electromagnetic forces. The amount of thought they put into her powers is AMAZING. After finishing episode 16, I got the Silent Party arc. It is so painful how the second part is so mediocre. The First arc was a masterpiece in almost all respects and would have gained a solid 10 from me. Episodes 1-16 get a 10 from me, while episodes 17-24 get a 6. The weighted average gets me 8.67 which I round to a 9.",analysis,"Episode-specific arc comparison, power system analysis, weighted rating calculation"
This was great. The last episode was like the 10th volume of Hellsing.,reaction,"Brief emotional comparison, no argument"
Great end! Amazing series.. 9/10 from me.,reaction,Immediate impression + score
took them long enough but it finally over 9/10 great show nonetheless.,reaction,Immediate impression + score
Ok watched the raw ..... alot of speeches that needs to be understood . I'll watch it subbed when the subs will be out . Great show anyway . 10/10 nuff said . Missed this gore .,reaction,Brief emotional response + score
RIP Walter and welcome back Alucard! 9/10,reaction,Brief emotional exclamation + score
"So, after all these years, the curtain finally falls, eh. It was such a great journey and I will surely miss waiting ages for a new Hellsing Ultimate episode :) As expected, they adapted the manga very faithfully up to the very end. I thought I'd find this part a bit slow, but I ended up enjoying every bit of it.",reaction,Nostalgic emotional response
"Just saw it but raw. Will re-watch it again when the subs come out. This was simply a masterpiece, Hellsing Ultimate will go down as one of the greatest anime series ever created and Alucard is the best vampire character ever made in any medium. 10/10",hot_take,"Bold claims without evidence - greatest ever, best vampire ever"
"Just watched it raw, that was a good episode. Crazy how he killed all of the lives that were inside of him. How was Seras able to just get that cannon from nowhere, and Integra got darker as she aged. I liked it when Allucard said ""I am no longer here, I am no longer anywhere, I can go anywhere, that's why I'm here."" Which I believe is what Schrodinger's Cat said.",reaction,"Post-watch impressions, referencing scenes but not arguing"
"I don't think she got darker, it's the lighting/gloom choice to contrast Alucard and Integra in the ending to make them striking and stand out.",analysis,Specific argument about visual direction choices
"So, it's over. It wasn't bad. It's simply a pity such a brilliant series comes to an end. 10/10",reaction,Emotional farewell
It was a great series and it had a great ending... I loved it! So it took 30 years for him to return... and what a reunion it was. :D LOL From 3 million plus more lives to just one.,reaction,Emotional farewell + plot recap
"On average, over 30 years he killed one of his absorbed tainted souls every 276 seconds or 4.60 minutes. Some souls were probably harder to kill than others.",analysis,Does actual math on the show's lore - specific verifiable calculation
MARCH ON TO THE TENTH CRUSADE!,reaction,"Pure emotional exclamation, caps"
"this shit was so win. great shit. journey finally over, even after reading the manga years ago wathcing it all was so great",reaction,"Feeling, not argument"
i will miss this show so much it hurts,reaction,Pure emotional response
"Man, i can't believe it's finally over. A satisfying end for such a badass anime.",reaction,Brief emotional farewell
"An OK episode for a last one, I guess. Several fights were concluded in one chapter, so it seemed kinda fast-paced. IMO, the deaths would have had more impact if the series was episodic. Still, a great series overall. 8.7",analysis,"Argues pacing issues, suggests episodic format would improve impact"
"So, it's over. It wasn't bad. It went overboard... pretty much everywhere. Most of the abilities everyone had were impossible and explained (if at all) as magic. The lack of story hurt it in my eyes a lot. Correct me if I'm wrong but the only story we had was that a mad man was trying to kill Alucard. But the fights were somewhat entertaining and the characters weren't bad either... at least some of them. Art was amazing and sound as well. Overall, it didn't fail to entertain me and unlike a few anime I've finished recently, it didn't feel like a complete waste of time. However, the ""comedic"" scenes this episode looked outright stupid and not funny at all. Maybe it would have been better if it wasn't drawn that way. 7/10",analysis,"Structured critique - abilities, story, art, sound with specific criticisms"
It was a great end. I love it. I was shocked when I found out that Doc whant do bring back Mina Harker and I'm curious what would have happened if he would be able to do it.,reaction,Emotional response with plot surprise
"Except Doc never planned to bring Mina back. He simply used her corpse to get samples of vampiric tissues, that was the beginning of the whole artificial vampire project.",analysis,Factual plot correction with specific evidence from source material
That was kinda the point. To cheer us up and to leave the story at a more lighthearted note instead of a dead serious grim.,analysis,Argues authorial intent behind comedic tone shift
"You have to admit though that Hellsing's comedy was rather bleak; lame, even. I'm not saying Hellsing should have no comedy at all, but a different type of comedy might've worked better for this somewhat serious anime.",hot_take,Opinion with thin reasoning
"Agreed, the comedy was by far the weakest part of the series.",hot_take,"Bold assertion, zero evidence"
"The comedy really doesn't fit here XD But the episode was awesome, Seras really has come a long way...she's totally BA now :) Loved the ending with the reunion :D",reaction,Emotional + emojis
"I can totally see and understand why some may not like Hellsing comedy, also in several episodes it was pretty random (Willis dream for example), but even if you are not found of the art style, you should agree at least in episode 10 the substance behind crazy drawings was important to character portrayal, particularly to depict Seras/Integra cute relationships as they turned up to become in 30 years time spawn.",analysis,"Argues specific artistic choices serve character portrayal, names examples"
"Horribly funny subs are horribly funny. I didn't feel like I missed much though. Meh, it was an okay show. Not really worth all those years of waiting for new eps if you ask me. Good action and gore, almost non existent plot...7/10",hot_take,Dismissive assertions without deep reasoning
"Farewell Hellsing Ultimate, farewell Alucard. It's been a long time since it all started but I can't say I won't miss it. I enjoyed it way more than 90% of other shows I watch and I kept waiting for more and more and more. Those comic moments really destroyed the mood in this episode, what should've ended on a dramatic and glorious comeback of one of the most memorable characters in anime was made into a joke. Who the frack came up with that idea. Oh well, 8/10. I'd rate it higher but some parts were not so great and where the show should've had its climax when it comes to battle, episode 9, that's where it lacked the most and left me wanting for something more, it just felt bland and not in tone with the other episodes. Still, I loved it.",analysis,"Specific critique of comedy undermining tone, episode 9 pacing criticism"
Well that's actually funny unlike the comedy in this episode. The one who made it all as good as it was destroyed most important part. Oh sweet irony.,hot_take,"Brief quip, opinion without argument"
"Great art and animation, but partially ruined by the plot being a lot of hot air, and the retarded comedy moments. They should've trimmed down at least 2 episodes if they wanted to provide consistent quality in the series. For me it's 7/10 overall. Kind of nostalgic to see this end, though.",hot_take,Assertions about plot and comedy without deep reasoning
Glorious,reaction,One word emotional response
"Pretty Solid. The comedic tone that was throughout the second half sorta doesn't fit in with the rest of the OVA's, but I was satisfied and I've seen worse instances where it clashed in a far more unpleasant fashion. I enjoyed the much more badass Seras, and the animation was ridiculous as always. 8/10",hot_take,"Brief opinions on tone and animation, no supporting argument"
"I think that under all the gore it still fell into using too many shounen cliches, like weaklings having strong plot armors and everyone who was powerful was being a suicidal emo. That really made the whole thing taste like standard porridge. It has cool moments, but when it tried to be dramatic it was just bad because the characters have zero presence. They look cool, that is all.",analysis,"Specific argument about shounen cliches - names plot armor, emo characterization"
"Now those are some OVAs. Walter was ""beautiful"" at the end.",reaction,Brief emotional impression
"Just to clarify something about Hellsing. The manga first volume was fairly comedy-based with action. It didn't take itself seriously. The first OVA did a poor job in adapting the first manga (rushed pacing, complete destruction of some characterization: Integra acted like a tsundere around Alucard since chapter 1, it came out nowhere in OVA 3-4 without this portrayal). The last chapter, Romancia, is a return to the beginning before the Nazis tensed the relaxed atmosphere of the organisation.",analysis,"Argues adaptation quality with specific examples - pacing, characterization changes"
"Hmm interesting, we're getting more storytelling on Shizue Izawa as herself. This episode is really unique considering its own side story and the focus on a character that isn't Rimuru. I believe this takes place before Rimuru's entry into the story. Looks like we got adventurers being tasked to fight a resurrected demon. Heh, Shizu still reminds me of how badass she is.",analysis,"Discusses storytelling structure, Shizu character focus, timeline placement"
"In this episode, it tells how Shizu got the power of ifrit and how to resist in the kingdom of the devil.",reaction,"Brief plot summary, no argument"
OH MY GOD I WAS SCREAMING WHEN I SEE DIABLO!!!,reaction,"Pure emotion, caps"
Nice to see diablo in this episode. The Next episode is... Tsundere dragon :D,reaction,Brief excitement about character appearance
"Hmmmm, i actually quite like Kuro, can't wait to see more of him in Season 2... or should i call him Diablo?",reaction,Casual excitement about character
When the series end without rimuru lol.. idk which part did they jumped on but this was interesting. Overall i enjoyed the manga way better. Idk but the anime just feel lacking. The fight is so empty they cut here and there. S2 is coming so yeah i'd still watch,hot_take,"Assertions without evidence - anime feels lacking, fights empty"
"Lackluster episode, but at least centered on the only interesting character.",hot_take,"Bold claim about only interesting character, no support"
When the best episode of a anime is that one without the propre MC.... Without doubt my favorite episode of Slim!,hot_take,"Bold claim, no support"
Damn Diablo is just greatness cant wait for him to appear next season....also does anybody know who is Diablo's VA the voice sounds familiar......,reaction,Excitement about Diablo
"Pretty cool episode for a side-story canon episode! Damn, I'm not exactly sure where these events of this episode lies in the timeline, other than it obviously being before the entry of our main character Rimuru into this world, but it was still a bloody cool episode! Excellent action choreography in particular during the first fight between Shizu and Diablo and the soundtracks totally delivered! Great backstory episode for Shizu-san too! Also, can't wait to see more of this Diablo higher demon. I didn't expect him to take the initiative and get rid of those possessed and even go as far as to spare Shizu and pretty much save the town but that just makes his character even more mysterious. I wonder what this request for which he was summoned for in the first place was all about.",analysis,"Discusses action choreography, Diablo character mystery, plot implications, timeline questions"
"I thought it was really good, also it was fun watching with a few friend..",reaction,Brief positive impression
"Oh my, that walking animation. The ending only wants to make me go read ahead. Really hoping we get another season announced next episode, if we have to wait long, just knowing would be enough.",reaction,Brief comment + anticipation for S2
I find it funny how I enjoy this the most out of the other eps.,reaction,Brief feeling
Nice to see shiuzu's battle this episode. This kuro guy is cool as well.,reaction,Brief positive impression
"I like how the last episode in this anime was all lighthearted, cute, and this episode it goes all out with gruesome gore and killing, haha. Shizu's past, Shizu vs. that Demon was really good, they did a good job animating that well. So, I guess next episode we'll see Rimuru go against that Demon. Interesting. Good episode.",analysis,"Observes tonal contrast between episodes, notes animation quality of fight"
"Ohh i need that season 2,Diablo vs rimuru will surely be lit. And this story is all about shizu and how she have slayed the demon.. Ohh in season 2 for sure that diablo will appear since it is being shown at end of ep 23 and this special episode.",reaction,Excitement about Diablo power + S2 anticipation
"Finally, a good episode. 1 more left.",hot_take,"Implies rest were bad, no reasoning"
"She did...Leon Cromwell bound Ifrit to her as soon as she was summoned, she would have been dead long before this incident if Ifrit hadn't been in control of her magical power. Yes, this is my feeling as well. I have said all along a spinoff series about Shizu and her mentor Hero would probably be better than Rimuru's story, and IMO this is the best episode of all 24 which have aired to date. I assume that she and the dead guy with her were the Silver Wings and that she was summoning Black in order to get revenge on the Archdemon who tricked and betrayed them.",analysis,"Connects lore details, argues Shizu spinoff would be better than main story, answers plot questions with evidence"
"Can't wait for season 2, Diablo vs rimuru will surely be lit",reaction,Hype for S2
"Well that was awesome. As much as Shizu contributed to the main story, there wasn't enough of her, but with this side story, we got a little glimpse of what she was like prior to Rimuru's coming. I hope they make more backstory side stories about Shizu. She's an amazing character and I want to see more of her!",analysis,"Discusses Shizu character contribution, backstory value"
so shizu past story..now translate to rimuru...that guy friends anyone.... nice,reaction,Brief barely coherent impression
"Diablo's voice can induce orgasms....just saying xDD On a side note, it's nice to see my girl Shizue again, even if it's the last time.",reaction,Joke + emotional farewell to character
One of the most interesting characters it seems makes an appearance.,reaction,Brief impression
i honestly didn't expect we get to see diablo in anime,reaction,Brief surprise
OMG Is this a miracle?? We finally have a decent episode after 12 boring episodes,hot_take,"Bold claim - 12 boring episodes, no evidence"
"Most interesting episode in ages. A real sense of tension returns after having OP Rimuru win every single time with little effort. The stakes feel high here, knowing that the opponents can actually defeat you.",analysis,"Argues why this episode works - tension from vulnerability vs OP MC, stakes analysis"
This episode honestly wasn't as bad as I thought it would be.,reaction,Brief impression
"Hadn't expected Diablo to show up, but damn, I had respect for him before, but this only further strengthens that. I didn't think much of a side story, but it was pretty enjoyable.",reaction,Brief positive surprise about Diablo
YES glorious that at least this extra was presented to Diablo the best husbando of Rimuru,reaction,Excited emojis about character
"This episode was amazing, love the Shizu vs Diablo fight. Can't wait for more Diablo in S2, he's cool af",reaction,Brief excitement + hype
"Diablo is a tough Demon, he doesn't seem too bad either to be honest. I really loved this episode centered around Shizu herself, before Rimuru was even in this world. Always appreciate more Shizu!",reaction,Brief character impressions
"Shizue is so dumb and weak. She was tricked and was about to die but luckily plot armor saved her. So typical for a woman to be tricked, choked, and then saved by someone. Couldn't get anymore cliche",hot_take,"Provocative assertion, no structural argument"
"That was really great for a side episode, was good seeing Shizue again and Diablo seems pretty cool too.",reaction,Brief positive impression
"You missed the point, but I can hardly blame you because it can be easily missed due to Crunchyroll mistranslating stuff ONCE AGAIN. The scene at the end of the episode where Kuro/Diablo says that ""So the mask appears once again... so it's true!"" or something along those lines? That's actually mistranslated. What he really says is ""So the mask broke... so it's true!"". That's very important. When Kuro/Diablo got repelled by Shizu's mask, he mentioned something about ""infinity"". But later when Ifrit went on a rampage, the mask actually broke and when Rimuru later repaired it, he didn't notice any sort of forcefield powers, so based on that we can say that that power got lost by the time Shizu ran into Rimuru and this Kuro/Diablo guy says that it's somehow linked to Rimuru himself. But the important part is that the mask was not only much more durable when Shizu, who got it from the Hero, used it, but it basically kept her alive until she ran into Rimuru, while Kuro/Diablo basically waited for the moment it went into Rimuru's hands, which implies that your claim that Shizu has ""plot armor"" is actually more on the mark than you might think, but not in a meta sense, but rather in a in-universe sense.",analysis,"Deep lore correction with specific evidence - translation error, mask mechanics, in-universe plot armor explanation"
what an immaculate first season amr,reaction,One-line emotional impression
it only gose up from here......until that last special,hot_take,"Bold teaser claim, no reasoning"
There's no way it gets even better im so awestruck,reaction,Pure emotional response
I didn't enjoy the following seasons as much as the first. The puns and jokes were pretty repetitive with characters who didn't change much throughout the story. Their conversations were pretty much the same too.,hot_take,Asserts repetitiveness without specific examples
yes the chapters that were adapted where phenomenal. a big problem with it though is there was a lot of build up to the scene where they sleep together that just makes the anticipation so much more satisfying so it didn't hit as hard as it could have.,analysis,Specific argument about pacing and buildup affecting emotional payoff
"Respectfully, the negative comments about the later seasons are poop from a butt. Past season may not have been quite as good as the 1st, but it still had me hooked all the way up to the most recent special. Also hyped for the anime original ending announcement, considering the manga ending left a lot to be desired",hot_take,"Dismisses criticism without counter-argument, asserts manga ending was weak"
Yea and it only gets better from the first season cause it gets funnier and the characters get more development,hot_take,Claim with thin reasoning
ts so ahhh,reaction,Pure emotional fragment
nah the special made it better fr. Anyone thats read Kaguya Sama knows that there is a considerable drop off in quality in the last third of the manga. Or just the 2nd half of the manga in general. Lowkey happy they're rushing it,hot_take,"Bold claim about manga quality drop, no specific evidence"
"It's funny, but I lost interest when they started making Kaguya and Miyuki into a legitimate couple. Them being so toxic for one another is what made their constant failures and ego bruising so funny to me. Once the romance became serious I stopped enjoying it because I felt that the show had conditioned me to want them to fail by being as arrogant as possible. Chika and the side characters pretty much carry the show from then on. I'm sure that a lot of people will disagree.",analysis,Structured argument about how tonal shift from comedy to romance undermined the show's conditioning of the audience
"first season is the worst one in my opinion (still great), the peak of this show is yet to come",hot_take,"Bold contrarian claim, no evidence"
ITS JUST SO PEAK!!,reaction,"Pure emotion, caps"
It actually peaks at S2. The latest special is also phenomenal.,hot_take,Assertion without reasoning
The drop off is preceded by the best part of Kaguya by far.,hot_take,"Bold claim, no support"
"The manga readers have the most varied opinions on the anime, both negative and positive, but as an anime only until after the movie, it has been flawless perfection from start to finish. A real classic. The only anime I would be ok with if it rated higher than Frieren.",hot_take,"Bold claims - flawless perfection, higher than Frieren - without evidence"
nuh uh the manga had great parts that should not have been skipped,hot_take,Assertion without naming specific parts
it gets even more peak,reaction,One-line hype
"imo it was peak. Executed so well, if anime-only want the arcs on the side characters then they should go to the manga. But for the main story, Kaguya and Shirogane's stuff was done so well with the final special.",analysis,"Distinguishes main story vs side character arcs, argues adaptation prioritized correctly"
it really is peak fiction,reaction,One-line emotional praise
imo yes. They did a good job. The animation is good and the humor is on point. But it's still bad because they skipped my favorite parts,analysis,Acknowledges animation/humor quality while arguing skipped content is a problem
"Skip parts? With the Christmas movie, that's only vol. 15, and the manga had a total of 28 vol. That's enough source material for two more seasons. The final OVA isn't terrible, but some could called it a slideshow.",analysis,Specific volume counts to argue there was enough material for more seasons
"Also I've watched a lot of romcom, and I can tell, Kaguya-sama is one of the best. With all the animation feat and cool references, it's peak.",hot_take,Claims best romcom without specific comparisons
"If anyone is looking for something with a similar vibe but with a stronger hit in the gut, I recommend Kareshi Kanojo no Jijou. Old but watching Kaguya-sama I've got a lot of flashback. Plus OG Gainax.",reaction,"Recommendation based on feeling, not argument"
"That...was awesome. Mikado getting beat up had it coming to him. Meanwhile, I really like how Celty is playing the role model in the finale. Really glad to see her helping out Shinra as well. So yeah, the show is over, going to miss DRRR! a lot. Quite happy to see that it got 3 cour though. 8/10. Enjoyed this season just as much as the others. And also quite pleased to see Varona being relevant even in the finale :3",analysis,"Discusses character roles in finale, Celty as role model, Varona relevance"
"Ahhh that was such a good finale. My only nitpick is that the Shizuo and Izaya ""Do it, monster"" scene felt lacking without Izaya's monologue about him winning even in death but maybe that's just me. Glad to see Vorona sticking up for her senpai and showing off chara development. Celty pretending to forget her memories and Shinra immediately knowing the truth. They're so cute? If Shinra had died, I think Celty would leave so thank goodness he didn't. Anri's right about Celty helping out so many people. Mikado final scene in the hospital after protecting Anri. He's finally back home with them. This isn't the ending they deserved but I'm just glad they got back together in the end. I'm gonna miss Durarara so much, it was one of my first animes.",analysis,"Scene-by-scene breakdown, notes missing LN monologue, character development observations"
Awesome. Awesome final episode. I can't say anything because of strongly impressed by this episode. I LOVE DURARARA!!!!!,reaction,"Pure emotion, caps"
"I hate Nasujima being with Haruna, I hate Haruna herself. Like overall even if that was in the original novel, it was a shitty choice of end. I was not expecting him to win by any stretch of the imagination, but for such a torturous end for no viable reason. It's wretched, it's lazy, and there would've been such better excitement from him stabbing the fuck out of that cliched yandere stereotype! For the overall adaptation distillation of this show, flubbed animation, constantly making Nasujima keep that fake beard on, other errors, and that ending goddamn existing at all, I have now docked my sweet score from what was initially an 8, then a 7, down to a 6.",hot_take,Passionate rant about character fate. Some adaptation criticism but primarily emotional assertion
"That was a satisfying end but I wanted to see more. That chat room ending to me is hinting towards a possible adaptation of the sequel series, which I would be happy to see.",reaction,Brief satisfaction + speculation
"I'm happy with the way this ended. I ended up liking this episode a lot more than I expected to. My only complaint would be the animation, but I can get over that.",reaction,Brief satisfaction
"Great ending. Although I would've liked to see more of Shizuo vs. Izaya along with Varona, the other parts of the episode were nice. I was also glad to hear The Sought-after Extraordinary again after all what's happened (so nostalgic). And lol at Celty getting chased by Kuzuhara once again. 8/10",analysis,"References specific soundtrack, scenes, and running gags with brief reasoning"
I'm the only one that wanted to see Celty leaving? I never bought the relationship of those two.,hot_take,"Contrarian opinion, no support"
"i'm glad that celty and shinra reunited, these two just belong together. even if shinra acted really selfishly. overall a good episode, can't believe x2 is now finally over.",reaction,Emotional response about character relationship
"Ahh Izaya, i was hoping for a better ending for you, but at least you are alive. So a happy ending, i was expecting Mikado to die, he is stabbed and shooted, but it didn't happen too. Good ending, better series than the others 2.",reaction,Emotional about character fates
"This ending was more than what I wished for. Easily the best Durararax2 season, though I like the first Durarara the most :D 5/5",hot_take,Bold claim - best x2 season - without evidence
best series from the sequel by far,hot_take,"Bold claim, no support"
It's over. And so the wait for an SH adaptation begins.,reaction,Emotional farewell
"Perfect conclusion to the series. Absolutely loved that episode. It was a good, long ride.",reaction,Brief emotional praise
"So, here it ends. It has been a satisfying ending. Every plot point has been resolved for good and the characters have a fitting ended. I was scared Mikado would die when Nasujima stabs him, but I was so glad when he turned to be alive. I would never expect to actually care for Mikado, seriously. Well, so Durarara ends for good. It was a fun ride and one of the animes I enjoyed the more. 8/10 and AOTS.",analysis,"Discusses plot resolution completeness, unexpected character attachment, specific scene tension"
"Too bad Izaya didn't die in the end. I don't get why did Shinra cut Celty, she would have probably stayed with him after. Poor Nasujima...he will get lots of love starting now.",hot_take,Brief assertions about character fates
"Always enjoyed Durarara but Ketsu was on another level, these 12 episodes have been absolutely amazing. 10/10 AOTS",hot_take,Bold claim without reasoning
"I'm weirdly satisfied with how this all ended. I sincerely thought Mikado was gonna die or Celty was gonna leave, and it would've added more drama imo. Shizuo finally gave Izaya that long awaited ass whooping. Only nitpick about it is that it could've been longer. If they ever adapt the SH novels, I'll watch it, but for now I appreciate the main novels coming to an end. 7/10",analysis,"Discusses expectations vs outcome, specific scene critique about fight length"
"ah, it ended. i will miss shizuo and celty. it would have been interesting if celty actually left ikebukuro, it would have been so bittersweet. seiji is so crazy, is he actually going to chicago only because celtys head is there? and mika goes with him, oh, those two...",reaction,"Emotional farewell, musing about character decisions"
"Goodbye Durarara!!, you'll be missed dearly. Definitely one of my favorite anime ever. Was really shocked when Mikado got stabbed at the end, wasn't sure if he was going to live. Izaya Vs. Shizuo was the only disappointment in the end, I heard its much better in the light novel because you can see inside Izaya's head and get a better glimpse at his reasoning. At least Shizuo didn't kill him and become a monster like he wanted. Also interesting that Izaya's fate is left up in the air. The ending with Mikado, Kida, and Anri gave me a lot of feels.",analysis,"Compares anime to LN, discusses Izaya's thematic role, specific scene analysis"
Loved the ending! 5/5,reaction,One-line emotional praise
"What an absolute cop-out of an ending this is. You'd have thought that everything that has happened would cause SOMETHING in the relationships of the cast to change, but no. Nothing's really changed all that much, and no one even suffers the consequences of their actions. Mikado should have died with all that blood he lost from those injuries and because of everything he has done, but of course we couldn't have the unnatural and forced happy ending if that was the case. Oh, and that prick Izaya is still alive for some reason, which is probably the biggest disappointment of all. Still, this series has definitely been the best part of the x2 cours. 8/10",analysis,"Argues ending lacks consequences, makes specific narrative logic arguments about Mikado surviving"
"Great ending, too bad we didn't see Celty in her full body. Also, Shizuo x Vorona is real guys!",reaction,Brief positive reaction + shipping
Good ending. I'm going to miss Durarara especially Shizuo.,reaction,Brief emotional farewell
"I wish I could've seen more between Shizuo and Izaya, especially Izaya's ambiguous end, but otherwise I'm glad everyone returned to their happy lives. Anri never ended up with Kida but as long as all three of them remain friends, that's fine. I'm really going to miss Durarara!! and all of its cast. On a side note, I love Celty's voice actor. She voices Kurapika in Hunter x Hunter 2011 so every time she's running from the motorcycle cop, I laugh my ass off because his voice actor is also Leorio from Hunter x Hunter 2011.",analysis,"Discusses character arcs, relationship outcomes, VA cross-references"
"I thought it was kind of funny to see Izaya all fucked up like that lol. Celty, not surprisingly, had her memories all along, and it's a good thing Shinra realized that. It just sucks that Celty has spent all this time trying to get her head back and once she finally got it she loses it again lol. I'm also not surprised Mikado didn't successfully kill himself. I'm pretty certain the author wasn't seriously going to do that. I have no problems with the ending that Nasujima got since he tried to murder a group of teens. It was really nice to see Mikado, Masaomi, and Anri together again in that hospital room as well. Well, it was definitely a crazy ass ride but it's all over now. 7/10.",analysis,"Discusses multiple plot threads with reasoning - Celty's head irony, Mikado's fate, Nasujima's deserved ending"
It was a good ending to a very long and complex series. All is right in Ikebukuro. Still a bigger fan of S1 over the three chapters of S2. I'm glad to have watched this and sad to see this cast go.,reaction,Brief emotional farewell with season comparison
Good series but the ending was almost too happy of one.,hot_take,Brief assertion
"Hey BokuMachi, This is how you do an ending.",hot_take,"Provocative comparison to another show, no reasoning"
"Lol, so Celty spent 3 seasons to regain her own head back just to lose it again in 5 minutes? :D",reaction,Humorous observation
I cant believe it is finally over. Im so sad to see it go. Ive loved this anime so much. This anime just got better and better every week. Celty calms everything down. Takashi gets hit back and tortured. The trio is back together. Izaya may live or die but he getting tf out of the city. Shizuo and Varona have a nice moment. Kujiragi saves Ruri. The celty x Shinra moment was beautiful. Ive had so much fun with this anime and im gonna miss it.,reaction,Emotional farewell listing favorite moments
I love Izaya and I even feel bad for him. I wish that he could have had some sort of realization or change of heart at the end about Shizuo or his beliefs in general but even I know he deserved all the shit that happened to him. He dug his own grave and Nasujima was no different.,analysis,Argues about character arc potential vs deserved fate for both Izaya and Nasujima
"Overall I am very satisfied with x2, Shou wasn't as good as season 1 but both Ten and Ketsu exceeded my expectations by far. 5/5 for this episode, 8/10 for this season and ~8/10 for all 3 seasons. It's pretty sad that Durarara!! finally is over, but at least there's the OVA I can look forward to. Here's hoping they'll adapt Durarara!! SH and the rest of the Baccano! LNs",analysis,Structured season-by-season comparison with ratings
"Beautiful end of the series. I loved it especially that all the good guys had a happy ending. On the other hand Izaya did not die, hate whoever was supposed to be his murderer. It seems that everything will return to normal in Ikebukuro. Final Score 8/10",reaction,Emotional satisfaction with brief character opinions
"Good finale. The CeltyxShinra stuff were really fun. Esp the monologue exposing/tsundere translating Shinra did lol. Sux that Varona is leaving for now. She was cute during the farewell scene. Shizuo throwing Shinra was monstrous as usual. What's the logic behind Rocchi being the only one not tied up by Celty tho? Too fabulous? I actually kinda feel bad for Takeshi lol. Shinra's dad and Namie's scene was lol too. And Izaya is out of town. Seeing Aoba pissed was fun. 8.5/10 for me, Probably my fav season of all Drrr",analysis,"Scene-by-scene observations, character-specific commentary, raises specific plot logic question"
"Kanata no Astra is set in a time when space travel is commonplace. A group of high-schoolers are visiting a nearby planet as a camp. After arriving, they're sucked into a mysterious black orb that transports them into space but luckily they manage to find an abandoned spaceship. What Kanata no Astra excels at is showing us the raw emotions of teenagers as they battle their way through harsh conditions. The feelings of hopelessness, betrayal, anger, joy and relief are portrayed extremely realistically. One of the best things is the development of each crew member through mini-arcs. The execution is impressive because these arcs don't just start and end in an episode or two. The pacing in the second half feels rushed. I wasn't aware that the source was completed so I didn't think this series would conclude in just 12 episodes. The art and animation are both impressive with distinctive character designs and beautifully drawn space scenes. The soundtrack is pretty unremarkable though the voice acting is on point.",analysis,"Structured review covering character development, pacing criticism, production quality assessment"
"If you played an open world exploration game with survival themes, there's a solid chance you'll get a familiar vibe from Kanata no Astra. It's not too often we get an anime adaptation based on a completed manga. Consisting of 5 volumes, a single cour adaptation of 12 episodes would make this run smooth. The first episode premiere is a 1 hour long special and makes a strong impression. Along the way, you can expect survival themes, character bonding, and startling revelations. The remaining crew members consists of a balanced range of personalities. The only characters that feels less exciting are the Raffaelli siblings. If you remove either one, there's little loss. Character bonds is one of the most important elements. Each planet they encounter puts their lives at risk. Thankfully, the show keeps its space adventure refreshing as the crew encounters a colorful amount of planets. Be prepared for character drama. There's an unsettling amount that builds more and more with each episode.",analysis,"Structured review comparing to games, discusses source material adaptation, character hierarchy, world-building"
"Kanata no Astra could be an anime that surprised several viewers. In my case, I was bewitched by some episodes until I noticed that the show is mediocre science fiction with several plot flaws and unfinished ideas. The scenario is good at the beginning but I cannot ignore a plot that is not consistent, a scenario that ignores details and uses strange ideas to create a secondary storyline far from the survival goal. As the plot progresses, the story is full of coincidences plotted by a mastermind who leaves more questions and few answers. The characters are average. If you pay attention, all the characters have the same context and the same problems, except Aries. All characters are generic like clones. The animation and art are adequate with vivid colors creating a pleasant atmosphere. I liked the first part but I did not like the conclusion. The ending is ridiculous and affects all the characters directly in the wrong way.",analysis,"Detailed negative review arguing plot inconsistency, coincidence-driven narrative, generic characters"
"Simple yet effective introduction, Kanata no Astra throws you into the survival styled environment straight away. Art is consistent and the story's pacing varies which helps important scenes stand out more. Some characters are very cliche such as the tanned girl or the girl with glasses, but it helps balance the cast as other characters are very complex. The show shines because of its unpredictable nature. There are many unknowns that we need to figure out. After watching 10 out of 12, I can confirm that this is a bloody masterpiece. Each episode is full of great additions to plot. There is a traitor in the group, yet unlike most shounen where they are exposed in the coming episode, the mystery spans over almost the entire show, making it so fun to watch as you analyse all the characters looking for hints.",analysis,"Evolving review - discusses pacing, mystery structure, character complexity. Updated take after more episodes"
"Astra Lost in Space is the perfect example of a series with earnest intentions that cannot help but undermine itself at every turn. It claims to take its story seriously but plasters it with candy-coated visuals and drawn out comedy. It wants us to buy into the survival but refuses to give them hardship. For a show with Lost in Space in its title, it never communicates ANY genuine sense of danger. The colorful visuals lack grit, the planetary dangers are never more than minor inconveniences. One episode seems like it would be about survival when the ship crashes, but this lasts for 10 minutes before just so happening to find another ship of the same model with a detachable portion. The character handling is done in the laziest way possible. A character will have nothing on them, then randomly dump their entire backstory, a survival event happens, and the character is instantaneously forgotten. Nearly every backstory is the same motif of not wanting shitty parents.",analysis,"Detailed structural critique - argues show undermines itself, compares to Persona 4 and Madoka Magica, identifies character formula"
"Kanata no Astra is anime that has been overshadowed by the typical cliche seasonal isekai anime. When I began watching it, it caught me off guard with its phenomenal camera work and well-executed story. The story is compelling and completely ensnared me by its first episode. It is well thought out and not overly complex and leaves you just enough room to formulate your own hypothesis. The studio does a wonderful job of transitioning the comedic and serious segments keeping the overall flow constant. The soundtrack thus far has been outstanding and fits well with the tone. Each character has their own backstory which will inevitably be revealed slowly each episode. Overall, this anime is truly refreshing and is a ray of hope for the industry.",analysis,"Discusses camera work, story pacing, tonal transitions, soundtrack integration"
"Kanata no Astra is something done damn right. It easily goes under the radar because of the dull poster and unattractive plot with generic shounen characters. However, it exceeds expectations and shoots to the top. Seeds are subtly planted throughout 10 episodes, waiting to be reaped. Blending shivering tracks and chocking atmosphere, a thriller sub-genre is slipped in. The diverse quirks of the characters are no longer just eccentricities but the vital skills they need to survive, all while complementing each other's weakness. It was a captivating portrayal of unity amidst all the uneasiness, and it was delivered well. The animation is handled by Lerche, who once handled Assassination Classroom and Classroom of Elite. Facial expression and character design spells out the characteristics of each character.",analysis,"Discusses narrative seeding and payoff, character skill synergy, studio track record, visual storytelling"
"I can't recall the last time I saw an anime with as inconsistent writing quality as Kanata no Astra. This anime flip-flops between being really cool and being downright stupid every five minutes. The actual premise and setting is really intriguing. Space anime that aren't mecha are rare enough, but to make it a survival story with exploration of unknown celestial bodies is a great combination. You can tell the author had a clear idea of how the story would finish before he started writing it. But where Kanata no Astra really suffers is in the details. Anyone that pays attention will notice lots of minor things that either don't make sense or feel way too dependent on random coincidences. The planets feel as one-dimensional as the procedurally generated ones in No Man's Sky. The pacing feels jumpy considering there are several weeks between planetary stops. Sometimes the author tries to explain coincidences but it still feels forced.",analysis,"Balanced review arguing strong premise undermined by forced coincidences, compares to No Man's Sky, discusses pacing gaps"
"I have no idea how this anime got so many good reviews. Every episode is in your face telling you not showing you. Simply put, it is obnoxious. The plot isn't bad and the music are probably the best thing about it. The characters however are awful. The dialogue and interactions are so forced that they sound idiotic. Rather than dramatic this anime is cheesy. I feel like the nonsense vs sense level has been turned down from adult to child level and ended up something slightly more adult than Teletubbies but less adult than the Muppet Show.",hot_take,Assertions about character quality with colorful comparisons but thin structural argument
First of I want to say I haven't been this invested and looking forward to every episode of a show since Death Note and Steins Gate. I was initially thinking this would be generic as most main characters follow a particular anime trope but in time through each episode you start to care for all of them. This show is a slow build with multiple twists. Not only will you not see them coming but it will bring sense to the initial episodes and why they were necessary. The art is clean and it has black borders which makes the entire show feel like a cinematic experience. The op is solid but it's the songs with the action sequences that will get a spot in my playlist. Don't take any reviewer that gave this a low rating without watching till episode 8 and 9 seriously.,analysis,"Discusses slow-build narrative payoff, cinematic aspect ratio, twist foreshadowing. Compares to Death Note and Steins Gate"
"Remember when Ergo Proxy aired and it instantly became a cult classic for the sci-fi genre? Well this show does the exact opposite. Not only does it shit on every fan of the sci fi genre but it gives the community a reason to hate sci-fi animes. This anime definitely doesn't take itself seriously. The characters are seemingly tense in one scene and in a subsequent scene everyone turns carefree. This makes the show really incoherent. None of the characters are relatable or likable. In one episode they toy around with alien plants without fear, in another they are incredibly cautious of a giant mushroom. What really made me snap was the power of friendship card pulled out of their ex-machina asses. Characters are as likable as mould on your ceiling; storytelling that can only be appreciated by the most amateur anime viewers.",hot_take,Provocative rant with some specific tonal inconsistency examples but primarily assertion-driven
"I fell in love with this anime. Story is truly amazing, it is heartwarming with cliffhangers and keeps suspense. Story surprises with its extent of authors imagination which is truly exceptional. Characters are developed really well. There is no cliche. There is almost no fanservice. I consider talk to be witty and truly reminding of fun group and friendship. Japanese voiceover again is exceptional.",hot_take,"Enthusiastic praise without specific evidence - amazing, exceptional, no cliche"
"I had to drop this. The story line is more or less a cluster of random plots with very little tying them together with the rest of the over arcing story. Every plot is predictable, every twist is mute and the mystery is null as the characters themselves are going off of a hunch. The art is its only saving grace, it has great art direction, much like AoT, but like AoT the story falls flat. As for the characters, they all fit their trope perfectly. You got the silent girl, the annoying tsundere, over reactive jock, edgy cool guy, silent nerdy guy, cute sister girl, and the memory loss girl who's too cheerful. This is a great train wreck to watch but if you're looking for story and decent plot, look elsewhere.",hot_take,"Lists character tropes to dismiss the show, compares to AoT. Assertions with thin reasoning"
"Set in the Earth of the future where space travel is commonplace, a group of characters are signed onto an excursion. Being a relatively new reader to Shinohara-sensei's work, my heart was ready for the endless reveals and plot twists. It may seem like badly executed generic tropes and cliches, but being one with the comedy gave the series fresh air. When all it seemed that the goal was the endgame, it suddenly became a convoluted but straightforward puzzle. The plot twists changed the course of the game and took me aback by sheer surprise. Kanata and Co., the crew of Astra really is the dynamic stronghold behind the series. Lerche is totally killing those visual cues in splendid fashion with wide cinematic feels. Going for the minimalist approach for music, inserting it only when it counts, is A+ magic. Kanata no Astra may be overlooked due to cliches and tropes, but don't let them define this series.",analysis,"Discusses plot twist structure, studio visual approach, minimalist music strategy, manga source awareness"
Worth a watch. It's a bit of a slow burn but I highly recommend you stick with it. It's a wonderful story of friendship and overcoming adversity. Every person in this show is unique in some fantastic way with completely different yet believable personalities. Some are a bit cliche but what you might think in the first few episodes is some stereotypical anime archetype eventually is fleshed out. Highly bingeable. I highly recommend this show.,hot_take,"Brief positive assertions - wonderful, unique, bingeable - without specific evidence"
"Almost one hour long and a wide screen aspect ratio, those were my first impressions. Astra takes place in a futuristic world where kids being sent to another planet is no big deal. The writing is kind of a mixed bag. The idea of being stranded in space is good but in reality it seems more like a detour. The characters have a road map and just need to planet hop for supplies. The show knows how to use planting and payoff very well, however the payoffs are sometimes underwhelming or nonsensical. Astra has a rather happy-go-lucky attitude through and through. When the show has kids facing the daunting expanse of space it never has the feeling that something bad is going to happen. The characters at their introductions all fall into a stereotypical category. The aspect ratio is used rather flippantly. Everything else about the shows looks and sounds are decent.",analysis,"Detailed mixed review arguing setup vs delivery gap, discusses aspect ratio as failed motif, character predictability"
"All of the characters had interesting backstories that we learned about. These stories helped shape each one and their behavior matched their backstory. However, during a scene in EP5, Luca told their group they are non-binary. There is a fine line in storytelling where your character is either naturally and organically developed or shoehorned in as pandering. Luca's reveal is disappointingly the latter. He's been given almost no screen-time and the anime dropping this on the viewer the way it did is clearly pandering to the current climate. Organic storytelling is a must to tell an enjoyable and coherent tale. Kanata no Astra has utterly dropped this most basic concept to push a political narrative. Outside of that the art is pretty gorgeous and the sound design is nice.",hot_take,Focused criticism of one plot point as political pandering. Assertion-driven rather than structural
"I really wasn't expecting to like Astra Lost in Space anywhere near as much as I did. First of all, it's beautiful. The color palette really pops off the screen with how bright and vibrant it is. The various planets our main cast visit are equally gorgeous. There is a true sense of adventure and wonder I haven't seen done this well since Made in Abyss. The pacing is solid as it's only 12 episodes and needs to cram a lot in. Many episodes end on cliffhangers which pushed me into losing sleep. In the latter stages it goes pretty far off the rails. A certain level of suspension of disbelief is required. I really liked that they made the final episode significantly longer. If 24 episodes were not greenlit, this is absolutely the correct solution. My only criticism would be the anime felt a little preachy at times with too much power of friendship.",analysis,"Discusses visual design, pacing strategy, episode length decisions. Compares adventure sense to Made in Abyss"
"Going by my score of 9 you can tell I highly recommend it. At first the characters and story made me believe it to be a cliche adventure story with weak characters. However it takes time to develop characters and eventually dives into numerous twists that were well set up and foreshadowed. Instead of focusing on just adventure aspects, Kanata no Astra focuses on characters and progression while maintaining the sense of adventure and wonder. The art style is very good without issues. The sound is great and fitting, the soundtrack feels spacey. The characters begin seeming like caricatures but evolve into their own selves with well developed backstories. Enjoyment is very high as this is the most fulfilling show I've seen in awhile.",analysis,"Discusses character evolution from caricature to developed, foreshadowing, balance of adventure and character focus"
"This show has laughs, mystery and a lot of heart. Astra probably isn't the best show set about people lost in space but I give it a giant A+ for effort. Storywise the show most strongly stands with a bit of an episodic format to start but in the second half episodes race toward the conclusion where not a single plot thread is left unanswered. The conclusion makes it seem like ending a 100+ episode series. Where this anime really finds its footing is not in the space drama but in the mystery aspect. Reveal after reveal takes your mind on a magic course. Character-wise they all start out as very generic tropes except they actually grow out of their tropes. Kanata evolves from the typical someone who must save everyone to having a reason for this attitude. I came in expecting a bland space team adventure but got an unravelling mystery and a conclusion written better than most anime ever get.",analysis,"Discusses episodic-to-serial structure, mystery payoff, character trope subversion, conclusion quality"
Just look at the rating of season 4. Its top 10 in the whole world right now. The best arc of Re zero is going on currently! Every episode is like WTF am I watching. You definitely should catch up,hot_take,"Bold claim - best arc - without evidence, hype assertion"
I agree with what you are saying it's the same but now in this season something has changed a little bit the goal of this anime is talking about how much Subaru suffers from returning from death each time but what I enjoy in it is to see how he suffer how he get hurt and how his morale and determination have not been broken so far. That why I continue watching it.,analysis,Explains why repetitive structure works for them - Subaru's unbroken determination as core appeal
I have the same problem with the show but i last week watched s3 and s4 and i would say its the same as first 2 seasons. Maybe 4 is the best season right now but not much better then the others but its worth to give it the try anyways.,hot_take,Assertion about season quality without specific reasoning
"If you already felt like not really wanting to continue at part 1 of s2, I don't think you'd be satisfied with what's going on right now. Personally I'm just sticking around because I want to see it to the end and be over with it, so in my opinion the high score is definitely not accurate, but many people seem to enjoy it. You need to decide on your own if you want to invest your time into this when there's many much better anime to watch.",hot_take,Asserts score is inaccurate and better anime exist without naming them
"Part 1 of season 2 is probably the slowest part of the show and as much as I love it, I see why others do not. The second half however was phenomenal imo and the payoff is huge. I believe you should at least watch it until season 3 and if you still are not liking it then drop it.",analysis,"Identifies S2P1 as pacing weakness, argues payoff structure justifies the slow build"
I am also in same boat as yours but honestly this feels like the best season of rezero. My main point for watching rezero is only because of subaru rest character are okayish. I think its worth continuing. Top 5 show this season for sure.,hot_take,"Bold claims - best season, top 5 - with only Subaru as thin reasoning"
"Re:Zero usually feels repetitive and boring if you expect every episode to get significantly closer to the goal. It's a sign that you don't like the characters that much. I wouldn't recommend to continue it if you feel this way. If you start from the beginning and focus on the characters and their relationships, there's a decent chance you'll find it less repetitive. For the rating, it is definitely inflated compared to previous seasons, but if you're into Re:Zero we've really been getting phenomenal episodes recently. However, if you ask me, it's more that the previous seasons were underrated. I think Re:Zero is a series that gets misunderstood a lot.",analysis,"Argues viewing expectations determine enjoyment, reframes repetitiveness as character focus, claims previous seasons underrated"
"Im someone who disliked rezero s1 and 2 quite a bit initially as well. I really couldnt stand subaru as a character and the plot felt quite repetitive. I will however say that the current arc is my favorite series to have aired in the last year regardless of that. There is certainly still some of the old excessive trauma being inflicted on subaru, but im liking it a lot more because the mystery and horror elements which are very strong. The difference in quality between seasons is quite noticeable for me.",analysis,"Compares seasons identifying mystery and horror as what improved, acknowledges prior weaknesses"
"If you see re:zero as just subaru suffering over and over, then I'd say don't watch it. Return by Death is one of the main plot drivers of the series and misinterpreting that would make it repetitive and less enjoyable as a whole. If you can understand how it is used to portray development and emotions rather than just subaru dying in sometimes brutal ways and figuring how the problem, then I'd give it another shot. Idk how you watched something like ep4 of s2 and didnt see this though, especially as a steins gate fan.",analysis,"Argues Return by Death serves character development not just plot, references specific episode as evidence"
"It's genuinely great right now, not just fans exaggerating. But if you weren't into the first season, I think the show just isn't your thing.",hot_take,Brief assertion without specific reasoning
"your pfp is araragi. i thought a monogatari fan would definitely like re:zero. drop it for now, maybe start 3-4 years later with low expectations and just go in for fun at that time from ep 1 of season 1. you will definitely like it, every season is peak. Re:zero is one of the best pieces of media",hot_take,"Bold claims - every season peak, best media - without evidence"
"If you like the second half of S2, then continue, or else don't bother.",hot_take,Brief gatekeeping assertion
"I haven't seen the anime but I already read this arc on the light novel. I guess it's worth it. Seriously, the reason why the score is high is because of the hardcore fans who survived watching the previous seasons. Take it what happened to other Gintama seasons and the final season of Fruits Basket.",analysis,Compares to Gintama and Fruits Basket to explain ratings survivorship bias pattern
I liked part 2 of season 2 less than the first part. I stopped watching after that. If you try it and feel the same way I don't think it would be worth continuing.,reaction,Brief personal preference sharing
Can't take ratings on this site seriously anymore after the whole Steel Ball Run debacle,hot_take,Dismisses site ratings citing specific incident without elaboration
i remember this character infesting S3 discussions for some reason. Now he's back seeing some ratings,reaction,"Recognizes forum regular, brief amusement"
its definitely worth watching,reaction,One-line endorsement
It is worth watching and REwatching. I seriously suggest rewatching the 1st season and follow through into season 2 past where you left off. You can't say you've watched Re:Zero without rewatching it at least once. You don't know how much important info and lore is foreshadowed within the first 6 episodes and beyond. Every character acts consistently according to their background and what they've experienced in whatever timeline they're in. That is incredibly difficult to pull off from a writing standpoint. Characters don't just like someone because the writer wants protag to have a pseudo harem. Dig any deeper into any character and you can find evidence of why they behave the way they do in each scenario. That is what makes them feel real. I have been following the Re:Zero series for nearly 10 years since 2016. It wasn't until this year after I rewatched all of Re:Zero in preparation for the new season that I realized how much it means to me. The episodes From Zero and Parent and Child absolutely wretched me upon my latest rewatch. And there's still a ton of stuff foreshadowed in those episodes that's relevant to the current season.,analysis,"Argues character consistency across timelines is exceptional writing, names specific episodes, discusses foreshadowing payoff over 10 years"
"As a big Re Zero fan i would say, if you didn't vibe with the show in season 1-2, don't pick it back up.",hot_take,Brief fan admission that show isn't for everyone
"its exactly as you guessed, its over inflated with hardcore fans.",hot_take,Brief assertion without reasoning
No don't watch it. It sucks,hot_take,Provocative dismissal without reasoning
The last several episodes of this season were great and feel deserving of the hype. You will notice the previous 2 seasons never peaked to this high of a score and I think that is representative of the sentiment on this season compared to the previous ones. The biggest drawback to me as an anime only person is that it feels like so much background information had to be cut out from the source material that it leaves me feeling out of the loop on a lot of things. Part 1 of season 2 is definitely one of the slower and weaker parts in the series. You get a good corresponding payoff in part 2 but I don't blame you for stopping on that part as I was also fairly underwhelmed with much of it.,analysis,"Discusses score trends across seasons as evidence, critiques adaptation cuts, identifies S2P1 as weak point with payoff argument"
The season's rating is 100% inflated by the title's fanboys. The story itself has zero uniqueness: it's just the same old cliche isekai wrapped in a package of various guro scenes for all kinds of fetishists. If you are generally familiar with the isekai genre you won't see anything new in Re:Zero except for the author's fixation on guro scenes.,hot_take,"Provocative dismissal - cliche isekai, guro fetishism - without structural argument"
I legit thought it was a top 5 isekai back during season 1 and 2 so if it has only got better since i dont see any reason why you shouldnt continue the show. The only reason im not continuing yet is because ive heard a spoiler and i kind of hate when shows do something that has happened so i dont think it would be for me past that point.,hot_take,"Claims top 5 isekai without evidence, personal spoiler frustration"
"Re:Zero is the type of anime that filters out action addicts, harem fans, and casual viewers. The filtering process was mostly completed during Season 3. By Season 4 only the dedicated fans and viewers who actually pay attention to the story remain. Of course it's going to be highly rated when the audience consists of people who genuinely appreciate what the series offers. In fact Re:Zero Season 1 should have been rated this highly from the beginning but many casual viewers held it back because they were expecting an overpowered protagonist who could solve everything in one shot.",analysis,"Argues audience self-selection explains high ratings, identifies viewer expectation mismatch as S1 issue"
well said. also exactly the reason why it didn't fade into obscurity after S1 like all the other isekais with overpowered MCs.,reaction,Brief agreement referencing isekai genre trend
"i kinda skimmed the thread so idk if anyone pointed this out but after season 1 you can expect every re:zero season to be drastically different in structure and ideas. every season tries something different rather it be involving return by death, subaru as a character, even genre. so if you didn't rock with season 2 maybe when you see the fuller picture you'll appreciate it more. just remember that whenever you enter a new season that you're getting a product a little different then the last.",analysis,Argues each season differs structurally in genre and RBD usage
yes you should right now dont keep me waiting,reaction,One-line hype
"If your problem is with Subaru looping too much, then just keep watching season 2. If you don't like it by then, do whatever you want.",hot_take,Brief conditional assertion
Still not as bad as Horikitty vs Housen.,hot_take,Dismissive comparison to another fight scene without elaboration
"Ayanokoji is so boring, unrelatable robot",hot_take,Brief dismissal of protagonist without reasoning
"He's a boring robot, we're in the fourth season and the author had done nothing to humanize this boring snoozefest robot, cote is very overrated especially this author, author has no skill, he's just dragging this out, he needs to end this and retire but bet he'll make college arc and Ayanocringe is still tryna outcringe sungjinwoo and still a robot",hot_take,"Extended rant asserting no character development across four seasons, claims author lacks skill"
"That criticism mainly applies to the anime adaptation, not necessarily to the original LN. The anime significantly reduces Kiyo's inner monologues compared to the novels, which removes much of his internal thought process and emotional nuance. Adaptation decisions like that are handled by the anime staff, not solely by the author. If you read the LN, you'll see that Kiyo expresses far more introspection, reactions, and psychological commentary than the anime portrays, so blaming the author entirely for the robot portrayal is simply inaccurate.",analysis,Argues robot criticism is adaptation issue not source material - LN monologues provide emotional nuance anime cuts
"What do you expect from a guy who was trained like a robot in the white room, where any normal person will break down mentally and physically? Still despite that, after escaping that place, he tries to live a simple teenage life and proceed to graduation without any regrets, but well the people around him won't let him do so easily. And then there's the fact that the light novel has a lot more inner monologues that actually shows his thought process and personality, than the anime can portray.",analysis,"Argues robot behavior is narratively justified by White Room backstory, identifies adaptation gap in characterization"
"He is meant to be a boring character to hide his presence in the school and obviously he is an unrelatable robot cause he was trained to be the perfect human under harsh conditions which we normal humans haven't. If it's about character development part, then I would suggest you to read Light novel because it goes more into the depth of his struggles like how he actually wants to live a Normal school life as someone normal before he would be forced to go back to carry out his dad's ambition.",analysis,"Argues boring persona is intentional character design - hiding presence at school, LN reveals desire for normalcy"
"Sounds like a cope. Zero character development for so long, this is bad writing. It doesn't need to be this long and dragged out.",hot_take,"Dismisses character design justification as cope, asserts pacing is bad writing"
"Ayanokoji's development has been too slow to notice that people often forget that it's the same loner who never even interacted with people out of need is now trying to maintain his profile in a friend circle and trying out relationship. Basic stuffs but not for a robot. But I do understand what you mean cause anime would never show his that side. Their direction wants to keep him just cruel, only mentioning the monologues where he is disrespecting someone.",analysis,"Identifies subtle development from loner to friend circle, critiques anime direction for selectively portraying only cruel monologues"
"As a light novel reader, I have to agree. As the series progresses I stopped treating Ayanokoji as the protagonist. Because Ryuuen is more fun to follow. Horikita is another interesting character. In the meantime, Ichinose........",hot_take,"LN reader agrees protagonist is boring, asserts side characters are more compelling without evidence"
